<?xml version="1.0" encoding="UTF-8"?>
<beans xmlns="http://www.springframework.org/schema/beans"
	xmlns:p="http://www.springframework.org/schema/p" xmlns:xsi="http://www.w3.org/2001/XMLSchema-instance"
	xmlns:context="http://www.springframework.org/schema/context"
	xmlns:mvc="http://www.springframework.org/schema/mvc"
	xsi:schemaLocation="
    http://www.springframework.org/schema/beans
    http://www.springframework.org/schema/beans/spring-beans-4.0.xsd
    http://www.springframework.org/schema/context
    http://www.springframework.org/schema/context/spring-context-4.0.xsd
    http://www.springframework.org/schema/mvc
    http://www.springframework.org/schema/mvc/spring-mvc-4.0.xsd">
    
	<context:annotation-config />  
    <!-- 使Spring支持自动检测组件，如注解的Controller -->  
    <context:component-scan base-package="mongodb" />  
     <mvc:annotation-driven/>
    <bean class="org.springframework.web.servlet.view.InternalResourceViewResolver">  
        <property name="viewClass" value="org.springframework.web.servlet.view.JstlView" />  
        <property name="prefix" value="/view" />  
        <property name="suffix" value=".jsp" />  
    </bean>  
    <!-- 启动 Spring MVC 的注解功能，完成请求和注解 POJO 的映射 -->  
    <bean class="org.springframework.web.servlet.mvc.annotation.DefaultAnnotationHandlerMapping" />  
    <!-- 启动 Spring json转换 -->  
    <!-- <bean class="org.springframework.web.servlet.mvc.annotation.AnnotationMethodHandlerAdapter">  
        <property name="messageConverters">  
            <list>  
                <bean class="org.springframework.http.converter.StringHttpMessageConverter" />  
                <bean class="org.springframework.http.converter.json.MappingJacksonHttpMessageConverter">  
                    <property name="supportedMediaTypes">  
                        <list>  
                            <value>application/json;charset=UTF-8</value>  
                        </list>  
                    </property>  
                </bean>  
            </list>  
        </property>  
    </bean>   -->
  
    <!-- 静态资源訪問 -->  
    <mvc:resources mapping="/media/**" location="/media/" />  
  
   <!--  <mvc:annotation-driven>    
        <mvc:message-converters>    
            <bean class="org.springframework.http.converter.json.MappingJacksonHttpMessageConverter">    
                <property name="objectMapper" ref="customObjectMapper"></property>    
            </bean>    
        </mvc:message-converters>    
    </mvc:annotation-driven> -->    

</beans>
	
	