<?xml version="1.0" encoding="UTF-8"?>
<beans xmlns="http://www.springframework.org/schema/beans"
	xmlns:p="http://www.springframework.org/schema/p" xmlns:xsi="http://www.w3.org/2001/XMLSchema-instance"
	xmlns:context="http://www.springframework.org/schema/context"
	xmlns:mvc="http://www.springframework.org/schema/mvc"
	xsi:schemaLocation="
    http://www.springframework.org/schema/beans
    http://www.springframework.org/schema/beans/spring-beans-4.0.xsd
    http://www.springframework.org/schema/context
    http://www.springframework.org/schema/context/spring-context-4.0.xsd
    http://www.springframework.org/schema/mvc
    http://www.springframework.org/schema/mvc/spring-mvc-4.0.xsd">
	<context:component-scan base-package="email"/>
	
	<!-- 会自动注册DefaultAnnotationHandlerMapping与AnnotationMethodHandlerAdapter,是spring 
		MVC为@Controllers分发请求所必须的。 提供：数据绑定支持，@NumberFormatannotation支持，@DateTimeFormat支持，@Valid支持，读写XML的支持（JAXB），读写JSON的支持（Jackson） -->
	<mvc:annotation-driven>
		<mvc:message-converters register-defaults="true">
			<!-- 解决json数据中传输中文乱码问题 -->
			<bean class="org.springframework.http.converter.StringHttpMessageConverter">
				<constructor-arg value="UTF-8" />
			</bean>
			<!-- 解决IE不能解析使用 application/json 类型返回的数据问题 -->
			<bean
				class="org.springframework.http.converter.json.MappingJackson2HttpMessageConverter"
				p:supportedMediaTypes="text/html" />
		</mvc:message-converters>
	</mvc:annotation-driven>
	
		<bean
		class="org.springframework.web.servlet.view.ContentNegotiatingViewResolver">
		<property name="order" value="1" />
		<property name="mediaTypes">
			<map>
				<entry key="json" value="application/json" />
				<entry key="xml" value="application/xml" />
				<entry key="pdf" value="application/pdf" />
			</map>
		</property>
		<property name="defaultViews">
			<list>
				<!-- 若要返回json数据 方法前需加 @ResponseBody -->
				<bean
					class="org.springframework.web.servlet.view.json.MappingJackson2JsonView"></bean>
			</list>
		</property>
		<property name="viewResolvers">
			<list>
				<bean
					class="org.springframework.web.servlet.view.InternalResourceViewResolver">
					<description>
						假如逻辑试图名为 "hello"，因此 viewResolver 将解析成 /WEB-INF/html/hello.html
					</description>
					<property name="prefix" value="/" />
					<property name="suffix" value=".jsp" />
				</bean>
			</list>
		</property>
	</bean>
	
	<bean id="multipartResolver"
		class="org.springframework.web.multipart.commons.CommonsMultipartResolver">
		<!-- 该属性用来配置可上传文件的最大 byte 数 -->
	</bean>
	

 <!--配置邮件模板-->       
   <bean id="freeMarker" class="org.springframework.web.servlet.view.freemarker.FreeMarkerConfigurer">  
      <property name="templateLoaderPaths" value="/WEB-INF/templates/"/><!-- 指定模板文件目录-->   
      <property name="freemarkerSettings"><!-- 设置FreeMarker环境属性-->   
          <props>  
              <prop key="template_update_delay">1800</prop><!--刷新模板的周期，单位为秒-->   
              <prop key="default_encoding">UTF-8</prop><!--模板的编码格式 -->  
              <prop key="locale">zh_CN</prop><!-- 本地化设置-->  
          </props>  
      </property>  
    </bean>  
    <bean id="templateEmail" class="email.TemplateEmail">  
        <property name="sender" ref="mailsender"></property>  
        <property name="freeMarkerConfigurer" ref="freeMarker"></property>  
    </bean>   
      
    <bean id="mailsender"    
        class="org.springframework.mail.javamail.JavaMailSenderImpl">    
        <property name="host">    
            <value>smtp.qiye.163.com</value>    
        </property>    
        <property name="javaMailProperties">    
            <props>    
                <prop key="mail.smtp.auth">true</prop>    
                <prop key="mail.smtp.timeout">25000</prop>    
            </props>    
        </property>    
        <property name="username">    
            <value>support@tombot.cn</value>    
        </property>    
        <property name="password">    
            <value>Aa123456</value>    
        </property>    
    </bean>    

</beans>
	
	