<?xml version="1.0" encoding="UTF-8"?>
<beans xmlns="http://www.springframework.org/schema/beans"
	xmlns:xsi="http://www.w3.org/2001/XMLSchema-instance" xmlns:context="http://www.springframework.org/schema/context"
	xmlns:tx="http://www.springframework.org/schema/tx" xmlns:task="http://www.springframework.org/schema/task"
	xmlns:aop="http://www.springframework.org/schema/aop"
	xsi:schemaLocation="http://www.springframework.org/schema/beans  
    http://www.springframework.org/schema/beans/spring-beans-3.0.xsd   
    http://www.springframework.org/schema/context   
    http://www.springframework.org/schema/context/spring-context-3.0.xsd  
    http://www.springframework.org/schema/tx
    http://www.springframework.org/schema/tx/spring-tx-3.0.xsd
    http://www.springframework.org/schema/task 
    http://www.springframework.org/schema/task/spring-task-3.0.xsd     
    http://www.springframework.org/schema/aop 
    http://www.springframework.org/schema/aop/spring-aop-3.0.xsd">
    <!-- 注解支持 -->  
	<context:annotation-config /> 
 	<context:component-scan base-package="com.asp.springaop" >
 		<!-- 排除所有@controller的Bean -->
 	 	<context:exclude-filter type="annotation" expression="org.springframework.stereotype.Controller"/>
 	</context:component-scan>
 	
	<!-- 通知spring使用cglib而不是jdk的来生成代理方法 AOP可以拦截到Controller -->
    <aop:aspectj-autoproxy proxy-target-class="true" /> 
    
    
    <!-- redis工厂   p:password="87980879"-->
	<!-- <bean id="jedisConnectionFactory" class="org.springframework.data.redis.connection.jedis.JedisConnectionFactory"
	    p:host-name="127.0.0.1" p:port="6379"  /> -->
	<!-- redis服务封装 -->
<!-- 	<bean id="redisService" class="com.redis.RedisService"></bean> -->
</beans>    