<?xml version="1.0" encoding="UTF-8"?>
<beans xmlns="http://www.springframework.org/schema/beans"
	xmlns:p="http://www.springframework.org/schema/p" xmlns:xsi="http://www.w3.org/2001/XMLSchema-instance"
	xmlns:context="http://www.springframework.org/schema/context"
	xmlns:mvc="http://www.springframework.org/schema/mvc"
	xmlns:aop="http://www.springframework.org/schema/aop" 
	xmlns:tx="http://www.springframework.org/schema/tx"
	xsi:schemaLocation="
	http://www.springframework.org/schema/aop http://www.springframework.org/schema/aop/spring-aop-3.1.xsd  
    http://www.springframework.org/schema/beans
    http://www.springframework.org/schema/beans/spring-beans-4.0.xsd
    http://www.springframework.org/schema/context
    http://www.springframework.org/schema/context/spring-context-4.0.xsd
    http://www.springframework.org/schema/mvc
    http://www.springframework.org/schema/mvc/spring-mvc-4.0.xsd
    http://www.springframework.org/schema/tx
    http://www.springframework.org/schema/tx/spring-tx-3.0.xsd">
    
	<context:annotation-config />  
    <!-- 使Spring支持自动检测组件，如注解的Controller -->  
    <context:component-scan base-package="com.asp.springaop" >
    	<!-- 让其只包括@controller的Bean -->
    	<context:include-filter type="annotation" expression="org.springframework.stereotype.Controller" />
    </context:component-scan>
    <mvc:annotation-driven/>
    
    <bean class="org.springframework.web.servlet.view.InternalResourceViewResolver">  
        <property name="viewClass" value="org.springframework.web.servlet.view.JstlView" />  
        <property name="prefix" value="/view" />  
        <property name="suffix" value=".jsp" />  
    </bean>  
    
    <tx:annotation-driven transaction-manager="transactionManager" proxy-target-class="true" /> 
    	
    <!-- 启动 Spring MVC 的注解功能，完成请求和注解 POJO 的映射 -->  
    <bean class="org.springframework.web.servlet.mvc.annotation.DefaultAnnotationHandlerMapping" />  
    
    <bean class="org.springframework.aop.aspectj.annotation.AnnotationAwareAspectJAutoProxyCreator" />  
</beans>
	
	