<?xml version="1.0" encoding="UTF-8"?>
<beans xmlns:xsi="http://www.w3.org/2001/XMLSchema-instance" 
 	 xmlns:util="http://www.springframework.org/schema/util"  
    xmlns="http://www.springframework.org/schema/beans"
    xmlns:aop="http://www.springframework.org/schema/aop" 
    xsi:schemaLocation="http://www.springframework.org/schema/beans http://www.springframework.org/schema/beans/spring-beans.xsd
    http://www.springframework.org/schema/aop http://www.springframework.org/schema/aop/spring-aop.xsd
    http://www.springframework.org/schema/util http://www.springframework.org/schema/util/spring-util.xsd 
    ">
     
    <!-- 配置权限管理器 -->  
    <bean id="securityManager" class="org.apache.shiro.web.mgt.DefaultWebSecurityManager">    
        <!-- ref对应realm  MyShiro -->  
        <property name="realm" ref="myShiro"/>    
        <!-- 使用下面配置的缓存管理器 -->  
        <property name="cacheManager" ref="cacheManager"/>    
    </bean>  
    <!-- 配置shiro的过滤器工厂类，id- shiroFilter要和我们在web.xml中配置的过滤器一致 -->  
    <bean id="shiroFilter" class="org.apache.shiro.spring.web.ShiroFilterFactoryBean">   
        <!-- 调用我们配置的权限管理器 -->   
        <property name="securityManager" ref="securityManager"/>   
        <!-- 配置我们的登录请求地址 -->   
        <property name="loginUrl" value="/userLogin/toLogin"/>    
        <!-- 配置我们在登录页登录成功后的跳转地址，如果你访问的是非/login地址，则跳到您访问的地址 -->  
        <!-- <property name="successUrl" value="/userLogin/index"/>   -->  
        <!-- 如果您请求的资源不再您的权限范围，则跳转到/403请求地址 -->  
        <property name="unauthorizedUrl" value="/403.jsp"/>  
        <!--   <property name="filters">    
           <map>    
                <entry key="role">  
                    <bean  
                        class="com.wyc.util.interceptor.RequestInterceptor" />  
                </entry>  
                <entry key="authc">  
                    <bean  
                        class="com.wyc.util.interceptor.RequestInterceptor" />  
                </entry>  
           </map>    
       	  </property>       -->
       	  
	      <property name="filterChainDefinitions">
				<value>
					/logout = logout
					/login = anon
					/main = authc
					/validateCode = anon<!-- 验证码不限制 -->
					/res/** = anon<!-- 资源文件不限制 -->
					
				</value>
		  </property>
    </bean>  
    
    <bean id="cacheManager" class="org.apache.shiro.cache.MemoryConstrainedCacheManager" />    
    <bean id="lifecycleBeanPostProcessor" class="org.apache.shiro.spring.LifecycleBeanPostProcessor" /> 
</beans>
	
	