<?xml version="1.0" encoding="UTF-8"?>
<!DOCTYPE configuration PUBLIC "-//mybatis.org//DTD Config 3.0//EN" "http://mybatis.org/dtd/mybatis-3-config.dtd">
<configuration>
	 <settings>
		<setting name="cacheEnabled" value="true" />
		<setting name="lazyLoadingEnabled" value="false" />
		<setting name="multipleResultSetsEnabled" value="true" />
		<setting name="useColumnLabel" value="true" />
		<setting name="defaultExecutorType" value="REUSE" />
		<setting name="defaultStatementTimeout" value="25000" />
	</settings>

    <!--  分页
    <plugins>
        <plugin interceptor="com.github.miemiedev.mybatis.paginator.OffsetLimitInterceptor">
            <property name="dialectClass" value="com.github.miemiedev.mybatis.paginator.dialect.MySQLDialect"/>
            <property name="dialectClass" value="com.github.miemiedev.mybatis.paginator.dialect.SQLServer2005Dialect"/>
        </plugin>
    </plugins>  -->
   
    
 	<mappers>
        <!--   <mapper resource="mapper/sqlmap/UserDao.xml"/>   -->
	</mappers>  
</configuration>